[{"o_tlc_agency_name":"國立臺北大學進修暨推廣部","o_tlc_agency_category":"4","o_tlc_agency_categorychild":"大學推廣教育","o_tlc_agency_purpose":"為善盡教育與社會責任，結合本校各項師資及設備，因應社會人士需求，辦理進修教育、學分班及非學分班等。","o_tlc_agency_service":"設有企業管理、不動產、財務金融、法律、公共政策、會計等各領域學分班，並開設多益課程、外語訓練班、PMP專案管理師、財務報表分析班、瑜珈班、活力有氧、肚皮舞及企業包班等非學位班課程資訊","o_tlc_agency_region":"10","o_tlc_agency_opentime":"推廣教育組:週一至週五8:30~21:30週六:0830~17:30","o_tlc_agency_address":"臺北市中山區建國北路2段69號(推廣教育組)","o_tlc_agency_phone":"(02) 2502-1520轉27550    (02)2506-5226","o_tlc_agency_fax":"(02) 2506-5364","o_tlc_agency_email":"dce@mail.ntpu.edu.tw","o_tlc_agency_admincategory":"","o_tlc_agency_img_front":"http://www.lct.tp.edu.tw/ezfiles/1/1001/agency/4/agency_420_173109_36863.bmp","o_tlc_agency_img_inner":"http://www.lct.tp.edu.tw/ezfiles/1/1001/agency/4/agency_420_6786724_36863.jpg","o_tlc_agency_link":"http://www.ntpu.edu.tw/dce"},{"o_tlc_agency_name":"國立臺灣科技大學推廣教育中心","o_tlc_agency_category":"4","o_tlc_agency_categorychild":"大學推廣教育","o_tlc_agency_purpose":"國立臺灣科技大學推廣教育中心秉持著「終身學習、頂尖卓越」為努力方針，倡導在職進修、人才培育、社區回饋以及產學合作。面對知識經濟時代與全球化的挑戰，本中心期望延續本校頂尖大學之規劃，同步提升推廣教育之教學品質、課程規劃、教室軟硬體設施、與知識領域。","o_tlc_agency_service":"碩士學分班、隨班附讀、專業證照、語言學習、政府委訓、策略聯盟、電腦科技、行銷管理、生活工藝…等課程。","o_tlc_agency_region":"12","o_tlc_agency_opentime":"週一至週五8:30-17:30","o_tlc_agency_address":"臺北市大安區基隆路4段43號","o_tlc_agency_phone":"(02) 2730-3230","o_tlc_agency_fax":"(02) 2737-6552","o_tlc_agency_email":"cec@mail.ntust.edu.tw","o_tlc_agency_admincategory":"","o_tlc_agency_img_front":"http://www.lct.tp.edu.tw/ezfiles/1/1001/agency/4/agency_421_194390_94876.jpg","o_tlc_agency_img_inner":"http://www.lct.tp.edu.tw/ezfiles/1/1001/agency/4/agency_421_8579731_94876.jpg","o_tlc_agency_link":"http://cec.ntust.edu.tw/"},{"o_tlc_agency_name":"國立臺灣師範大學進修推廣學院","o_tlc_agency_category":"4","o_tlc_agency_categorychild":"大學推廣教育","o_tlc_agency_purpose":"應社會發展需求，增進教育人員職能，並提供教學研究資源，服務社會。辦理成人、教師及行政人員之進修教育；辦理各類推廣教育；接受委託辦理在職人員進修及各類專案；國內外成人進修及推廣教育之合作事項。","o_tlc_agency_service":"開設藝術、英語、歐語、日語、韓語、電腦、音樂、運動、個人成長、精采、證照、研究方法、師資培訓、幼教師資及兒童冬夏令營，另開設華語師資培訓、碩士學分班、教師在職進修學分班等。","o_tlc_agency_region":"12","o_tlc_agency_opentime":"週一至週日9:00-21:00","o_tlc_agency_address":"臺北市大安區和平東路1段129號","o_tlc_agency_phone":"(02)7734-5858、5800","o_tlc_agency_fax":"(02)23657293","o_tlc_agency_email":"smallui@ntnu.edu.tw","o_tlc_agency_admincategory":"","o_tlc_agency_img_front":"http://www.lct.tp.edu.tw/ezfiles/1/1001/agency/4/agency_424_4399159_88524.jpg","o_tlc_agency_img_inner":"http://www.lct.tp.edu.tw/ezfiles/1/1001/agency/4/agency_424_842220_88524.jpg","o_tlc_agency_link":"http://www.sce.ntnu.edu.tw/"},{"o_tlc_agency_name":"國立臺北藝術大學藝術資源暨推廣教育中心","o_tlc_agency_category":"4","o_tlc_agency_categorychild":"大學推廣教育","o_tlc_agency_purpose":"提倡生活美學理念，將藝文活動由基層教育植根，推動成人藝術教育，以建立藝術分享平台為目標，開放學校資源與社會大眾共享及互動，提供社會各年齡層多樣化的學習管道，營造優質與多元的學習空間，帶動精緻藝文活動的普及，提昇地方文化生活品質，讓沒有專業訓練或背景的人，也能領略藝術源源不絕的力量。","o_tlc_agency_service":"開設碩士、學士學分班、推廣教育非學分班課程，規劃涵蓋美術、音樂、舞蹈、視覺、表演、電影、博物館、園藝…等，其中園藝景觀證照輔導課程以及暑期兒童歡樂藝術夏令營，為風評優秀、迴響熱烈之特色課程。","o_tlc_agency_region":"7","o_tlc_agency_opentime":"週一到週五09:00~18:00，晚間及假日依開課狀況調整服務時間。","o_tlc_agency_address":"臺北市北投區學園路1號","o_tlc_agency_phone":"(02) 2893-8888","o_tlc_agency_fax":"(02) 2895-7387","o_tlc_agency_email":"cec@cec.tnua.edu.tw","o_tlc_agency_admincategory":"","o_tlc_agency_img_front":"http://www.lct.tp.edu.tw/ezfiles/1/1001/agency/4/agency_426_9607621_91036.jpg","o_tlc_agency_img_inner":"http://www.lct.tp.edu.tw/ezfiles/1/1001/agency/4/agency_426_9954687_91036.jpg","o_tlc_agency_link":"http://aaa.tnua.edu.tw"},{"o_tlc_agency_name":"國立臺北護理健康大學推廣教育中心","o_tlc_agency_category":"4","o_tlc_agency_categorychild":"大學推廣教育","o_tlc_agency_purpose":"提供在職進修班學生各項教學與學務、事務之相關服務配合國家政策與校務發展方向，籌畫並執行各項推廣教育課程。使命：培養優的健康照顧、養生人才。願景：邁向卓越教學之健康照顧養生先鋒。價值：鼓勵終身學習，以顧客服務為導向。","o_tlc_agency_service":"設有護理助產、護理、健康事業管理、長期照護、聽語障礙科學、旅遊健康、生死教育輔導、運動保健碩士學分班，護理、健康事業管理、資訊管理、通識教育學分班，並開設音樂照護專業人員培訓，保姆、照顧服務員術科加強班，ACLS實用高級心臟救命術、ETTC急診創傷訓練、產業人才投資方案、社會局委辦幼教課程、失業補助課程、安全人員急救課程，丙級美容、養身瑜珈、芳香療法、長青學苑、外語進修等課程。","o_tlc_agency_region":"7","o_tlc_agency_opentime":"","o_tlc_agency_address":"臺北市北投區明德路365號","o_tlc_agency_phone":"(02) 2822-7101#3331-3333","o_tlc_agency_fax":"(02) 2828-0584","o_tlc_agency_email":"","o_tlc_agency_admincategory":"","o_tlc_agency_img_front":"","o_tlc_agency_img_inner":"","o_tlc_agency_link":"http://www.ntunhs.edu.tw/"},{"o_tlc_agency_name":"國立陽明大學教學服務組推廣教育","o_tlc_agency_category":"4","o_tlc_agency_categorychild":"大學推廣教育","o_tlc_agency_purpose":"本校自創校以來，秉持「真知力行、仁心仁術」之校訓，專注於生物醫學之教學及研究，以成為國際一流頂尖大學及全球生物醫學研究、教育與產業研發之重鎮為最終鵠的。","o_tlc_agency_service":"本校為配合國家倡導終生學習的教育政策，在醫學、生物科技等相關領域，籌辦各種推廣教育課程：例如醫管、臨床與轉譯醫學、輻射防護講習班等。","o_tlc_agency_region":"7","o_tlc_agency_opentime":"請參閱各推廣教育學分班網頁","o_tlc_agency_address":"臺北市北投區立農街2段155號","o_tlc_agency_phone":"(02) 2826-7196","o_tlc_agency_fax":"","o_tlc_agency_email":"","o_tlc_agency_admincategory":"","o_tlc_agency_img_front":"","o_tlc_agency_img_inner":"","o_tlc_agency_link":"http://tss.web.ym.edu.tw/front/bin/cglist.phtml?Category=19"},{"o_tlc_agency_name":"東吳大學推廣部","o_tlc_agency_category":"4","o_tlc_agency_categorychild":"大學推廣教育","o_tlc_agency_purpose":"東吳推廣四十年，伴您學習每一天！提供語文、數位、企貿、證照、藝術、健康養生等短期進修課程，及學士、碩士學分班，並於雙溪校區開設雙溪學苑。幫您在職場加分！為您的生活加分","o_tlc_agency_service":"東吳大學推廣部因應終身學習的時代潮流，針對社會發展所需開設多樣且有深度的課程。藉由優質的教學資源及地利之便，提供社會人士再進修的絕佳選擇。同時於雙溪校區開設雙溪學苑，以服務北區民眾。本校推廣教育包括學士、碩士與證照學分班；語文、商業、電腦、專業證照及藝文休閒課程；政府與企業委訓班等三大類課程。以掌握時代脈動的專業化學習課程，滿足業界發展需求並強化學員職場競爭力。","o_tlc_agency_region":"11","o_tlc_agency_opentime":"城中校區：台北市100中正區貴陽街一段56號洽詢電話：02-23111531轉2756至2769(共14線)傳真電話：02-23754082服務時間：週一~五08：40～19：00 / 週六08：40～14：00 ⋯⋯外雙溪校區：台北市111士林區臨溪路70號洽詢電話：02-28819471轉5731至5734(共4線)傳真電話：02-8806033服務時間：週一~五15：40～19：00 / 週六08：40～12：30","o_tlc_agency_address":"台北市100中正區貴陽街一段56號","o_tlc_agency_phone":"(02)2311-1531 #2756~2769、(02)2881-9471 #5731~5734","o_tlc_agency_fax":"(02)2375-4082","o_tlc_agency_email":"extend@scu.edu.tw","o_tlc_agency_admincategory":"","o_tlc_agency_img_front":"","o_tlc_agency_img_inner":"","o_tlc_agency_link":"http://www.ext.scu.edu.tw/"},{"o_tlc_agency_name":"大同大學推廣教育中心","o_tlc_agency_category":"4","o_tlc_agency_categorychild":"大學推廣教育","o_tlc_agency_purpose":"","o_tlc_agency_service":"","o_tlc_agency_region":"10","o_tlc_agency_opentime":"","o_tlc_agency_address":"臺北市中山區德惠街7-1號","o_tlc_agency_phone":"(02)2592-5252#3422","o_tlc_agency_fax":"(02)2585-3851","o_tlc_agency_email":"ex@ttu.edu.tw","o_tlc_agency_admincategory":"","o_tlc_agency_img_front":"","o_tlc_agency_img_inner":"","o_tlc_agency_link":"http://www.ex.ttu.edu.tw/"},{"o_tlc_agency_name":"實踐大學進修暨推廣教育部","o_tlc_agency_category":"4","o_tlc_agency_categorychild":"大學推廣教育","o_tlc_agency_purpose":"運用本校優質教育資源，整合推廣教育學習與服務，以提昇整體社會教育及智識生活水準；以「回饋社會、服務群眾」的服務理念，推動「社會教育」、「終生教育」提供國民學習機會。","o_tlc_agency_service":"全人教育課程：一、學分班：設有老人生活保健、餐飲管理、社會工作、家庭研究與兒童發展、美容保健、形象設計應用管理、服裝設計、企業管理、應用外語、食品技師、營養師等學分班。二、推廣教育課程：開設美食、服裝、日語、英語、室內設計、海外遊學、網路行銷、創意潛能、休閒產業、美容美髮造型、商用經營管理、電腦認證、健康養生、商業設計等課程及兒童學習園地。","o_tlc_agency_region":"10","o_tlc_agency_opentime":"週一至週五9:00-21:00，週六日9:00-16:00，國定假日除外。","o_tlc_agency_address":"臺北市中山區大直街68號1樓","o_tlc_agency_phone":"(02) 2533-8688","o_tlc_agency_fax":"(02) 2533-7689","o_tlc_agency_email":"eec@mail.usc.edu.tw","o_tlc_agency_admincategory":"","o_tlc_agency_img_front":"http://www.lct.tp.edu.tw/ezfiles/1/1001/agency/4/agency_432_882245_91960.jpg","o_tlc_agency_img_inner":"http://www.lct.tp.edu.tw/ezfiles/1/1001/agency/4/agency_432_6560534_91960.jpg","o_tlc_agency_link":"http://eec.usc.edu.tw/"},{"o_tlc_agency_name":"淡江大學成人教育部","o_tlc_agency_category":"4","o_tlc_agency_categorychild":"大學推廣教育","o_tlc_agency_purpose":"為促進國家發展，配合社會需要，推動終身教育，擴大建教合作，因應未來社會發展特設立本單位。","o_tlc_agency_service":"本部設有進修教育、推廣教育、專業證照訓練、日語、華語、英語六中心，並開設碩、學士學分班、教師第二專長班、政府補助班、海外遊學團、海外華裔青年語文研習班、台灣觀摩團、暑期華語營、機器人系列課程、樂活學苑、多元智能冬令營、日語課程、公共工程品質管理訓練班、公共工程品質管理回訓班、環訓班等…課程。","o_tlc_agency_region":"12","o_tlc_agency_opentime":"週一至週五8:00-12:00、13:00-22:00；週六、週日8:00-12:00、13:00-17:00","o_tlc_agency_address":"臺北市大安區金華街199巷5號","o_tlc_agency_phone":"(02) 2321-6320","o_tlc_agency_fax":"(02) 2321-4036","o_tlc_agency_email":"dce@mail.tku.edu.tw","o_tlc_agency_admincategory":"","o_tlc_agency_img_front":"http://www.lct.tp.edu.tw/ezfiles/1/1001/agency/4/agency_433_5539446_03280.jpg","o_tlc_agency_img_inner":"http://www.lct.tp.edu.tw/ezfiles/1/1001/agency/4/agency_433_5883384_03280.jpg","o_tlc_agency_link":"http://www.dce.tku.edu.tw"},{"o_tlc_agency_name":"臺北醫學大學進修推廣部","o_tlc_agency_category":"4","o_tlc_agency_categorychild":"大學推廣教育","o_tlc_agency_purpose":"","o_tlc_agency_service":"","o_tlc_agency_region":"6","o_tlc_agency_opentime":"","o_tlc_agency_address":"臺北市信義區吳興街250號","o_tlc_agency_phone":"(02)2736-1661","o_tlc_agency_fax":"","o_tlc_agency_email":"","o_tlc_agency_admincategory":"","o_tlc_agency_img_front":"","o_tlc_agency_img_inner":"","o_tlc_agency_link":""},{"o_tlc_agency_name":"世新大學終身教育學院","o_tlc_agency_category":"4","o_tlc_agency_categorychild":"大學推廣教育","o_tlc_agency_purpose":"為迎接終身學習社會的來臨，結合企業管理與活化教育精神，從「創新」及「彈性」出發，隨時考量社會發展脈動及民眾充實知識需求，提供優質的學習軟硬體設施及服務，期能激發潛能、豐富生命，以提升國家競爭力。","o_tlc_agency_service":"開設在職人員學位進修及各類推廣教育(包括學分班、非學分班、證照)課程，並接受政府機關、公營事業或民營事業委託，辦理在職教育或職業訓練等課程。每季定期提供大眾終身學習情報專刊索取，隨時獲得進修學習的訊息管道。","o_tlc_agency_region":"1","o_tlc_agency_opentime":"週一至週五8:30-22:00，週六、週日8:30-17:50","o_tlc_agency_address":"臺北市文山區木柵路1段111號","o_tlc_agency_phone":"(02) 2236-8225#63822-23","o_tlc_agency_fax":"(02) 2236-4700","o_tlc_agency_email":"c28@cc.shu.edu.tw","o_tlc_agency_admincategory":"","o_tlc_agency_img_front":"http://www.lct.tp.edu.tw/ezfiles/1/1001/agency/4/agency_436_5537222_62850.jpg","o_tlc_agency_img_inner":"http://www.lct.tp.edu.tw/ezfiles/1/1001/agency/4/agency_436_5458489_62648.jpg","o_tlc_agency_link":"http://www.soll.shu.edu.tw/"},{"o_tlc_agency_name":"中國文化大學推廣教育部(延平分部)","o_tlc_agency_category":"4","o_tlc_agency_categorychild":"大學推廣教育","o_tlc_agency_purpose":"為配合國家經濟與社會發展之教育政策，並因應全球「知識經濟、終身學習」的發展趨勢，中國文化大學推廣教育部辦學宗旨，致力達成以下四項教育使命：提供專業的回流教育、推廣活潑的終身學習、建立開放的全民大學、發展健康的永續環境。","o_tlc_agency_service":"本部設有終身學習系列課程與正規學制學位學程兩大部分，終身學習有國際語文、藝文生活等十七種系列課程；正規學制設有碩士在職專班、數位學習碩士在職專班、進修學士班與二年制在職專班等十八個學系。","o_tlc_agency_region":"11","o_tlc_agency_opentime":"週一至週六9:00-21:00，週日9:00-17:00，國定假日除外","o_tlc_agency_address":"臺北市中正區延平南路127號","o_tlc_agency_phone":"(02) 2331-8668","o_tlc_agency_fax":"","o_tlc_agency_email":"","o_tlc_agency_admincategory":"","o_tlc_agency_img_front":"","o_tlc_agency_img_inner":"","o_tlc_agency_link":"http://www.sce.pccu.edu.tw/"},{"o_tlc_agency_name":"中國文化大學推廣教育部(忠孝分部)","o_tlc_agency_category":"4","o_tlc_agency_categorychild":"大學推廣教育","o_tlc_agency_purpose":"為配合國家經濟與社會發展之教育政策，並因應全球「知識經濟、終身學習」的發展趨勢，中國文化大學推廣教育部辦學宗旨，致力達成以下四項教育使命：提供專業的回流教育、推廣活潑的終身學習、建立開放的全民大學、發展健康的永續環境。","o_tlc_agency_service":"本部設有終身學習系列課程與正規學制學位學程兩大部分，終身學習有國際語文、藝文生活等十七種系列課程；正規學制設有碩士在職專班、數位學習碩士在職專班、進修學士班與二年制在職專班等十八個學系。","o_tlc_agency_region":"11","o_tlc_agency_opentime":"週一至週六9:00-21:00，週日9:00-17:00，國定假日除外","o_tlc_agency_address":"臺北市中正區忠孝東路1段41號","o_tlc_agency_phone":"(02) 2356-7356","o_tlc_agency_fax":"","o_tlc_agency_email":"","o_tlc_agency_admincategory":"","o_tlc_agency_img_front":"","o_tlc_agency_img_inner":"","o_tlc_agency_link":"http://www.sce.pccu.edu.tw/"},{"o_tlc_agency_name":"中國文化大學推廣教育部(建國本部)","o_tlc_agency_category":"4","o_tlc_agency_categorychild":"大學推廣教育","o_tlc_agency_purpose":"為配合國家經濟與社會發展之教育政策，並因應全球「知識經濟、終身學習」的發展趨勢，中國文化大學推廣教育部辦學宗旨，致力達成以下四項教育使命：提供專業的回流教育、推廣活潑的終身學習、建立開放的全民大學、發展健康的永續環境。","o_tlc_agency_service":"本部設有終身學習系列課程與正規學制學位學程兩大部分，終身學習有國際語文、藝文生活等十七種系列課程；正規學制設有碩士在職專班、數位學習碩士在職專班、進修學士班與二年制在職專班等十八個學系。","o_tlc_agency_region":"12","o_tlc_agency_opentime":"週一至週六9:00-21:00，週日9:00-17:00，國定假日除外","o_tlc_agency_address":"臺北市大安區建國南路2段231號","o_tlc_agency_phone":"(02) 2700-5858","o_tlc_agency_fax":"","o_tlc_agency_email":"","o_tlc_agency_admincategory":"","o_tlc_agency_img_front":"http://www.lct.tp.edu.tw/ezfiles/1/1001/agency/4/agency_664_2975840_63415.jpg","o_tlc_agency_img_inner":"http://www.lct.tp.edu.tw/ezfiles/1/1001/agency/4/agency_664_5748909_63415.jpg","o_tlc_agency_link":"http://www.sce.pccu.edu.tw/"},{"o_tlc_agency_name":"銘傳大學進修推廣處(台北校區)","o_tlc_agency_category":"4","o_tlc_agency_categorychild":"大學推廣教育","o_tlc_agency_purpose":"進修推廣處開設之非學分班以人人受教育，處處是學校為宗旨，配合學校宗旨，「人之兒女己之兒女」之理念，以追求教育卓越，培養理論與實務並重，具備團隊精神與國際視野之人才。","o_tlc_agency_service":"設有碩士在職學分班，並開設職涯成長、身心健康、專業證照、生活美學、國際語文課程。","o_tlc_agency_region":"2","o_tlc_agency_opentime":"週一至週五 9:00-21:00，週六9:00-17:00","o_tlc_agency_address":"臺北市士林區中山北路5段250號","o_tlc_agency_phone":"(02) 2882-4564","o_tlc_agency_fax":"(02) 2883-5554","o_tlc_agency_email":"","o_tlc_agency_admincategory":"","o_tlc_agency_img_front":"http://www.lct.tp.edu.tw/ezfiles/1/1001/agency/4/agency_665_5908561_68369.png","o_tlc_agency_img_inner":"http://www.lct.tp.edu.tw/ezfiles/1/1001/agency/4/agency_665_7645514_68369.png","o_tlc_agency_link":"http://extension1.mcu.edu.tw/"},{"o_tlc_agency_name":"銘傳大學進修推廣處(基河校區)","o_tlc_agency_category":"4","o_tlc_agency_categorychild":"大學推廣教育","o_tlc_agency_purpose":"進修推廣處開設之非學分班以人人受教育，處處是學校為宗旨，配合學校宗旨，「人之兒女己之兒女」之理念，以追求教育卓越，培養理論與實務並重，具備團隊精神與國際視野之人才。","o_tlc_agency_service":"設有碩士在職學分班，並開設職涯成長、身心健康、專業證照、生活美學、國際語文課程。","o_tlc_agency_region":"2","o_tlc_agency_opentime":"週一至週五 9:00-21:00，週六9:00-17:00","o_tlc_agency_address":"臺北市士林區基河路130號3樓","o_tlc_agency_phone":"(02) 2882-4564","o_tlc_agency_fax":"(02) 2883-5554","o_tlc_agency_email":"","o_tlc_agency_admincategory":"","o_tlc_agency_img_front":"http://www.lct.tp.edu.tw/ezfiles/1/1001/agency/4/agency_666_5948045_66833.jpg","o_tlc_agency_img_inner":"http://www.lct.tp.edu.tw/ezfiles/1/1001/agency/4/agency_666_8100070_66833.jpg","o_tlc_agency_link":"http://extension1.mcu.edu.tw/"}]