{"sort": "ImportDate desc", "include_total": true, "resource_id": "7eb5190e-d4a9-4d0f-b319-c70c4f8d9482", "fields": [{"info": {"notes": "", "label": "\u6e2c\u7ad9\u540d\u7a31"}, "type": "text", "id": "Site"}, {"info": {"notes": "", "label": "\u7e23\u5e02\u540d\u7a31"}, "type": "text", "id": "county"}, {"info": {"notes": "", "label": "\u7d30\u61f8\u6d6e\u5fae\u7c92\u6fc3\u5ea6"}, "type": "text", "id": "PM25"}, {"info": {"notes": "", "label": "\u8cc7\u6599\u5efa\u7f6e\u65e5\u671f"}, "type": "text", "id": "DataCreationDate"}, {"info": {"notes": "", "label": "\u6e2c\u9805\u55ae\u4f4d"}, "type": "text", "id": "ItemUnit"}], "__extras": {"api_key": "9be7b239-557b-4c10-9775-78cadfc555e9"}, "records_format": "objects", "records": [{"Site":"大城","county":"彰化縣","PM25":"6","DataCreationDate":"2021-10-12 22:00","ItemUnit":"μg/m3"},{"Site":"松山","county":"臺北市","PM25":"5","DataCreationDate":"2021-10-12 22:00","ItemUnit":"μg/m3"},{"Site":"大同","county":"臺北市","PM25":"11","DataCreationDate":"2021-10-12 22:00","ItemUnit":"μg/m3"},{"Site":"中山","county":"臺北市","PM25":"6","DataCreationDate":"2021-10-12 22:00","ItemUnit":"μg/m3"},{"Site":"桃園","county":"桃園市","PM25":"7","DataCreationDate":"2021-10-12 22:00","ItemUnit":"μg/m3"},{"Site":"新竹","county":"新竹市","PM25":"7","DataCreationDate":"2021-10-12 22:00","ItemUnit":"μg/m3"},{"Site":"新港","county":"嘉義縣","PM25":"13","DataCreationDate":"2021-10-12 22:00","ItemUnit":"μg/m3"},{"Site":"朴子","county":"嘉義縣","PM25":"7","DataCreationDate":"2021-10-12 22:00","ItemUnit":"μg/m3"},{"Site":"臺南","county":"臺南市","PM25":"8","DataCreationDate":"2021-10-12 22:00","ItemUnit":"μg/m3"},{"Site":"鳳山","county":"高雄市","PM25":"21","DataCreationDate":"2021-10-12 22:00","ItemUnit":"μg/m3"},{"Site":"林園","county":"高雄市","PM25":"10","DataCreationDate":"2021-10-12 22:00","ItemUnit":"μg/m3"},{"Site":"楠梓","county":"高雄市","PM25":"24","DataCreationDate":"2021-10-12 22:00","ItemUnit":"μg/m3"},{"Site":"左營","county":"高雄市","PM25":"22","DataCreationDate":"2021-10-12 22:00","ItemUnit":"μg/m3"},{"Site":"淡水","county":"新北市","PM25":"4","DataCreationDate":"2021-10-12 22:00","ItemUnit":"μg/m3"},{"Site":"頭份","county":"苗栗縣","PM25":"22","DataCreationDate":"2021-10-12 22:00","ItemUnit":"μg/m3"},{"Site":"苗栗","county":"苗栗縣","PM25":"30","DataCreationDate":"2021-10-12 22:00","ItemUnit":"μg/m3"},{"Site":"三義","county":"苗栗縣","PM25":"34","DataCreationDate":"2021-10-12 22:00","ItemUnit":"μg/m3"},{"Site":"沙鹿","county":"臺中市","PM25":"14","DataCreationDate":"2021-10-12 22:00","ItemUnit":"μg/m3"},{"Site":"西屯","county":"臺中市","PM25":"18","DataCreationDate":"2021-10-12 22:00","ItemUnit":"μg/m3"},{"Site":"彰化","county":"彰化縣","PM25":"10","DataCreationDate":"2021-10-12 22:00","ItemUnit":"μg/m3"},{"Site":"崙背","county":"雲林縣","PM25":"11","DataCreationDate":"2021-10-12 22:00","ItemUnit":"μg/m3"},{"Site":"恆春","county":"屏東縣","PM25":"9","DataCreationDate":"2021-10-12 22:00","ItemUnit":"μg/m3"},{"Site":"三重","county":"新北市","PM25":"6","DataCreationDate":"2021-10-12 22:00","ItemUnit":"μg/m3"},{"Site":"永和","county":"新北市","PM25":"7","DataCreationDate":"2021-10-12 22:00","ItemUnit":"μg/m3"},{"Site":"復興","county":"高雄市","PM25":"22","DataCreationDate":"2021-10-12 22:00","ItemUnit":"μg/m3"},{"Site":"埔里","county":"南投縣","PM25":"5","DataCreationDate":"2021-10-12 22:00","ItemUnit":"μg/m3"},{"Site":"馬祖","county":"連江縣","PM25":"9","DataCreationDate":"2021-10-12 22:00","ItemUnit":"μg/m3"},{"Site":"竹東","county":"新竹縣","PM25":"15","DataCreationDate":"2021-10-12 22:00","ItemUnit":"μg/m3"},{"Site":"線西","county":"彰化縣","PM25":"19","DataCreationDate":"2021-10-12 22:00","ItemUnit":"μg/m3"},{"Site":"二林","county":"彰化縣","PM25":"20","DataCreationDate":"2021-10-12 22:00","ItemUnit":"μg/m3"},{"Site":"南投","county":"南投縣","PM25":"12","DataCreationDate":"2021-10-12 22:00","ItemUnit":"μg/m3"},{"Site":"斗六","county":"雲林縣","PM25":"12","DataCreationDate":"2021-10-12 22:00","ItemUnit":"μg/m3"},{"Site":"冬山","county":"宜蘭縣","PM25":"5","DataCreationDate":"2021-10-12 22:00","ItemUnit":"μg/m3"},{"Site":"萬華","county":"臺北市","PM25":"8","DataCreationDate":"2021-10-12 22:00","ItemUnit":"μg/m3"},{"Site":"臺東","county":"臺東縣","PM25":"6","DataCreationDate":"2021-10-12 22:00","ItemUnit":"μg/m3"},{"Site":"花蓮","county":"花蓮縣","PM25":"5","DataCreationDate":"2021-10-12 22:00","ItemUnit":"μg/m3"},{"Site":"陽明","county":"臺北市","PM25":"5","DataCreationDate":"2021-10-12 22:00","ItemUnit":"μg/m3"},{"Site":"金門","county":"金門縣","PM25":"8","DataCreationDate":"2021-10-12 22:00","ItemUnit":"μg/m3"},{"Site":"馬公","county":"澎湖縣","PM25":"32","DataCreationDate":"2021-10-12 22:00","ItemUnit":"μg/m3"},{"Site":"關山","county":"臺東縣","PM25":"1","DataCreationDate":"2021-10-12 22:00","ItemUnit":"μg/m3"},{"Site":"麥寮","county":"雲林縣","PM25":"16","DataCreationDate":"2021-10-12 22:00","ItemUnit":"μg/m3"},{"Site":"古亭","county":"臺北市","PM25":"6","DataCreationDate":"2021-10-12 22:00","ItemUnit":"μg/m3"},{"Site":"大園","county":"桃園市","PM25":"3","DataCreationDate":"2021-10-12 22:00","ItemUnit":"μg/m3"},{"Site":"觀音","county":"桃園市","PM25":"7","DataCreationDate":"2021-10-12 22:00","ItemUnit":"μg/m3"},{"Site":"忠明","county":"臺中市","PM25":"20","DataCreationDate":"2021-10-12 22:00","ItemUnit":"μg/m3"},{"Site":"臺西","county":"雲林縣","PM25":"27","DataCreationDate":"2021-10-12 22:00","ItemUnit":"μg/m3"},{"Site":"嘉義","county":"嘉義市","PM25":"13","DataCreationDate":"2021-10-12 22:00","ItemUnit":"μg/m3"},{"Site":"新營","county":"臺南市","PM25":"12","DataCreationDate":"2021-10-12 22:00","ItemUnit":"μg/m3"},{"Site":"善化","county":"臺南市","PM25":"9","DataCreationDate":"2021-10-12 22:00","ItemUnit":"μg/m3"},{"Site":"安南","county":"臺南市","PM25":"12","DataCreationDate":"2021-10-12 22:00","ItemUnit":"μg/m3"},{"Site":"大寮","county":"高雄市","PM25":"11","DataCreationDate":"2021-10-12 22:00","ItemUnit":"μg/m3"},{"Site":"前金","county":"高雄市","PM25":"21","DataCreationDate":"2021-10-12 22:00","ItemUnit":"μg/m3"},{"Site":"小港","county":"高雄市","PM25":"14","DataCreationDate":"2021-10-12 22:00","ItemUnit":"μg/m3"},{"Site":"屏東","county":"屏東縣","PM25":"19","DataCreationDate":"2021-10-12 22:00","ItemUnit":"μg/m3"},{"Site":"潮州","county":"屏東縣","PM25":"5","DataCreationDate":"2021-10-12 22:00","ItemUnit":"μg/m3"},{"Site":"汐止","county":"新北市","PM25":"7","DataCreationDate":"2021-10-12 22:00","ItemUnit":"μg/m3"},{"Site":"萬里","county":"新北市","PM25":"4","DataCreationDate":"2021-10-12 22:00","ItemUnit":"μg/m3"},{"Site":"新店","county":"新北市","PM25":"5","DataCreationDate":"2021-10-12 22:00","ItemUnit":"μg/m3"},{"Site":"土城","county":"新北市","PM25":"3","DataCreationDate":"2021-10-12 22:00","ItemUnit":"μg/m3"},{"Site":"板橋","county":"新北市","PM25":"8","DataCreationDate":"2021-10-12 22:00","ItemUnit":"μg/m3"},{"Site":"新莊","county":"新北市","PM25":"6","DataCreationDate":"2021-10-12 22:00","ItemUnit":"μg/m3"},{"Site":"菜寮","county":"新北市","PM25":"6","DataCreationDate":"2021-10-12 22:00","ItemUnit":"μg/m3"},{"Site":"林口","county":"新北市","PM25":"4","DataCreationDate":"2021-10-12 22:00","ItemUnit":"μg/m3"},{"Site":"美濃","county":"高雄市","PM25":"7","DataCreationDate":"2021-10-12 22:00","ItemUnit":"μg/m3"},{"Site":"前鎮","county":"高雄市","PM25":"17","DataCreationDate":"2021-10-12 22:00","ItemUnit":"μg/m3"},{"Site":"中壢","county":"桃園市","PM25":"6","DataCreationDate":"2021-10-12 22:00","ItemUnit":"μg/m3"},{"Site":"竹山","county":"南投縣","PM25":"16","DataCreationDate":"2021-10-12 22:00","ItemUnit":"μg/m3"},{"Site":"富貴角","county":"新北市","PM25":"7","DataCreationDate":"2021-10-12 22:00","ItemUnit":"μg/m3"},{"Site":"橋頭","county":"高雄市","PM25":"22","DataCreationDate":"2021-10-12 22:00","ItemUnit":"μg/m3"},{"Site":"仁武","county":"高雄市","PM25":"23","DataCreationDate":"2021-10-12 22:00","ItemUnit":"μg/m3"},{"Site":"基隆","county":"基隆市","PM25":"2","DataCreationDate":"2021-10-12 22:00","ItemUnit":"μg/m3"},{"Site":"士林","county":"臺北市","PM25":"4","DataCreationDate":"2021-10-12 22:00","ItemUnit":"μg/m3"},{"Site":"豐原","county":"臺中市","PM25":"41","DataCreationDate":"2021-10-12 22:00","ItemUnit":"μg/m3"},{"Site":"大里","county":"臺中市","PM25":"20","DataCreationDate":"2021-10-12 22:00","ItemUnit":"μg/m3"},{"Site":"平鎮","county":"桃園市","PM25":"6","DataCreationDate":"2021-10-12 22:00","ItemUnit":"μg/m3"},{"Site":"龍潭","county":"桃園市","PM25":"5","DataCreationDate":"2021-10-12 22:00","ItemUnit":"μg/m3"},{"Site":"湖口","county":"新竹縣","PM25":"9","DataCreationDate":"2021-10-12 22:00","ItemUnit":"μg/m3"},{"Site":"宜蘭","county":"宜蘭縣","PM25":"14","DataCreationDate":"2021-10-12 18:00","ItemUnit":"μg/m3"},{"Site":"桃園(觀音工業區)","county":"桃園市","PM25":"35","DataCreationDate":"2020-04-21 03:00","ItemUnit":"μg/m3"},{"Site":"臺南(麻豆)","county":"臺南市","PM25":"19","DataCreationDate":"2020-04-21 03:00","ItemUnit":"μg/m3"},{"Site":"臺南(北門)","county":"臺南市","PM25":"22","DataCreationDate":"2020-04-21 03:00","ItemUnit":"μg/m3"},{"Site":"彰化(大城)","county":"彰化縣","PM25":"17","DataCreationDate":"2020-04-21 03:00","ItemUnit":"μg/m3"},{"Site":"屏東(琉球)","county":"屏東縣","PM25":"16","DataCreationDate":"2020-04-21 03:00","ItemUnit":"μg/m3"},{"Site":"新北(樹林)","county":"新北市","PM25":"12","DataCreationDate":"2020-04-21 03:00","ItemUnit":"μg/m3"}], "limit": 1000, "offset": 0, "_links": {"start": "/api/v1/aqx_p_02?sort=ImportDate+desc&api_key=9be7b239-557b-4c10-9775-78cadfc555e9&limit=1000&format=json", "next": "/api/v1/aqx_p_02?sort=ImportDate+desc&api_key=9be7b239-557b-4c10-9775-78cadfc555e9&limit=1000&offset=1000&format=json"}, "distribution": [{"qcLevel": "/result/records"}], "total": 84}